last_name,first_name,email,phone
Ramsey, Nathaniel,Ramsey@gmail.com,960-96-7007
Guerrero, Laura,Guerrero@gmail.com,247-40-6371
Maldonado, Robert,Maldonado@gmail.com,352-37-1400
Calhoun, Dan,Calhoun@gmail.com,920-26-5140
Clarke, Dennis,Clarke@gmail.com,466-94-7318
Osborne, Bill,Osborne@gmail.com,948-48-0407
Jackson, Eric,Jackson@gmail.com,290-38-5638
Olson, Melanie,Olson@gmail.com,962-55-3692
Hoffman, Brian D,Hoffman@gmail.com,687-62-3890
Long, Gary,Long@gmail.com,160-66-2505
Blair, Sperry,Blair@gmail.com,589-64-9495
Luna, Rodney,Luna@gmail.com,380-34-3690
Bryant, Douglas,Bryant@gmail.com,470-71-9383
Smith, Koleen,Smith@gmail.com,683-22-2853
Kent, Angus,Kent@gmail.com,627-67-8686
Robles, Charles,Robles@gmail.com,462-99-5574
Green, Kim,Green@gmail.com,688-76-9770
Savage, John,Savage@gmail.com,134-55-7291
Davidson, Jaime,Davidson@gmail.com,768-21-5237
Morse, Michael,Morse@gmail.com,618-53-5019
Barrett, John,Barrett@gmail.com,750-58-1894
Giles, Kathleen,Giles@gmail.com,372-69-3786
Estes, Mary,Estes@gmail.com,999-78-9446
Pope, Duane,Pope@gmail.com,285-29-5419
Johnston, Daniel,Johnston@gmail.com,165-91-7010
Farrell, Laura,Farrell@gmail.com,106-96-6222
